{
  "ensemble": {
    "test_auc": 0.9339875555555556,
    "test_f1": 0.8637532133676092,
    "test_accuracy": 0.8586666666666667,
    "precision": 0.8337468982630273,
    "recall": 0.896,
    "confusion_matrix": [
      [
        308,
        67
      ],
      [
        39,
        336
      ]
    ]
  },
  "ablation": {
    "GravWaveFormer (ResNet+Xformer)": {
      "auc": 0.7347413333333332,
      "f1": 0.6942752740560292,
      "acc": 0.6653333333333333
    },
    "WaveCNN1D (raw waveform CNN)": {
      "auc": 0.8130204444444444,
      "f1": 0.12967581047381546,
      "acc": 0.5346666666666666
    },
    "CrossDetectorGNN (3-det graph)": {
      "auc": 0.9179946666666665,
      "f1": 0.8228404099560761,
      "acc": 0.8386666666666667
    },
    "Simple average (3 models)": {
      "auc": 0.9345493333333332,
      "f1": 0.7212020033388982,
      "acc": 0.7773333333333333
    },
    "MLP meta-learner ensemble": {
      "auc": 0.9339875555555556,
      "f1": 0.8637532133676092,
      "acc": 0.8586666666666667
    }
  },
  "individual_aucs": {
    "GravWaveFormer": 0.7347413333333332,
    "WaveCNN1D": 0.8130204444444444,
    "CrossDetectorGNN": 0.9179946666666665,
    "simple_average": 0.9345493333333332
  }
}