{"train_loss": [0.6850466952195922, 0.6492954957900491, 0.6305543651654337, 0.6076505190641249, 0.5868654254843071, 0.5890027428612853, 0.5824713297124456, 0.5792111042974201, 0.5753496163303957, 0.5709114904951055, 0.5554149698557546, 0.5626648269946884, 0.5570567737879718, 0.5531235821311097], "val_loss": [0.6486912366540675, 0.6096053974513702, 0.605744009030694, 0.5861347728872044, 0.5898389236174802, 0.603644586501912, 0.6093588480974901, 0.5876327351452832, 0.5905576176184384, 0.6037725997481117, 0.5838784878266686, 0.5918357971517797, 0.5949944060116528, 0.6092135769160674], "val_auc": [0.7058895021304584, 0.7378821241671194, 0.7553618919614516, 0.7698032543109612, 0.7599087763447625, 0.7674225742800767, 0.7658854985844605, 0.7619319969115503, 0.7621750693471361, 0.7582716119991992, 0.7610955417655638, 0.7618891017758586, 0.7642268866710515, 0.7584360433526838], "lr": [9.984740801978984e-05, 9.939057285945931e-05, 9.863231105968498e-05, 9.75772975566101e-05, 9.623203685930868e-05, 9.46048229473242e-05, 9.270568813552755e-05, 9.054634122155989e-05, 8.814009529720152e-05, 8.550178566873408e-05, 8.264767839234409e-05, 7.959536998847741e-05, 7.636367895343945e-05, 7.297252973710755e-05]}