{"train_loss": [0.6318503938560006, 0.49988091922977324, 0.45193398504308946, 0.4205357430152795, 0.39660137028846654, 0.38131823679639704, 0.3474281139539896, 0.34017202715952694, 0.3208006603386932, 0.29085308978858504, 0.3020374551968599, 0.272229086792789, 0.24771042034532056, 0.2587079173799653, 0.24229050196626403, 0.22900439850743468, 0.2095235624802174], "val_loss": [0.6442852581248564, 0.982506784844526, 1.073224837767249, 1.1409208117959333, 1.0568423475173705, 1.2349439916763714, 1.275426798325809, 1.3299799112075152, 1.5359913569720671, 0.9747818192058706, 1.562523330596679, 1.5512768801520853, 1.5927984599761147, 1.4138661960867, 1.48001884394151, 1.1999675060975998, 1.8003484476058877], "val_auc": [0.8345391632588864, 0.7060610826732249, 0.7504432497354799, 0.7414495696188051, 0.8461422974634676, 0.6515413652091853, 0.6988475506877518, 0.6502938316794875, 0.4089979696302439, 0.8405659298235579, 0.5130901655752238, 0.5195530326860933, 0.48721724956389945, 0.7217964482827648, 0.6496754268066001, 0.80293259744345, 0.47475621264548595], "lr": [9.990232305719945e-05, 9.960967771506666e-05, 9.912321891107009e-05, 9.844486647586723e-05, 9.757729755661011e-05, 9.652393605146844e-05, 9.528893909706797e-05, 9.387718066217124e-05, 9.229423231234974e-05, 9.054634122155989e-05, 8.864040551740155e-05, 8.658394705735986e-05, 8.438508174347008e-05, 8.205248749256013e-05, 7.959536998847742e-05, 7.702342635146032e-05, 7.434680686803489e-05]}