{"train_loss": [0.6760966286939734, 0.5200182073699073, 0.4884755747240656, 0.46479684550172595, 0.4469885027524337, 0.4364167689460131, 0.4127235319667513, 0.42198093106990403, 0.4153734731510801, 0.3915398805261271, 0.37992309926578754, 0.3727745688996405, 0.3728661858851674, 0.37161360765306833, 0.35182385853806064, 0.3429182599027929, 0.3292728285834423, 0.32112361443920995, 0.3169535222835094, 0.3094081819687211, 0.3047265353916305, 0.29074715600396345, 0.30736180292341386, 0.28990757981073784, 0.29210240321115793, 0.28260448891595047, 0.27594431650972173, 0.2637645492616345, 0.2636250979487791, 0.26677293021089343, 0.2554603925709858, 0.24668341645303962, 0.24874247202084857, 0.2522060456002256, 0.23365713454259593, 0.24318221085484132, 0.2352788333192272, 0.2447569500133693, 0.22650217177662285, 0.22866679705053924, 0.22590687134005832, 0.2357894010812061, 0.22430615267503065, 0.2137107413915278, 0.22792130353823858, 0.22043068222765375, 0.20564079100424598, 0.2054221998242771, 0.21395085528195074], "val_loss": [0.7237631602083298, 0.46399686712632204, 0.7251255483550821, 0.5830720274206151, 0.42602371356704016, 0.48366190453264163, 0.6277845138534505, 0.4282192508167124, 0.396269485912221, 0.514190932486784, 1.6598587144504895, 0.9622623324394226, 0.4751337970641845, 1.038712957644845, 0.6689879820946066, 0.4161673199365483, 2.3837844076003623, 0.8206693526895289, 0.8208863158277012, 0.40102074123958853, 0.5673394485272188, 0.4102813147287318, 0.6051345397444332, 0.3753725392295715, 0.4327639036956318, 0.5443934374314578, 1.34146652247179, 0.3683557381285703, 0.6312134587828488, 0.7763690559621801, 0.3754511481937878, 0.5345544418230413, 0.37861138885033957, 0.37284504905104, 0.4455511861625202, 0.36964791614741566, 0.4230476429755675, 0.4010538500260542, 0.37834331265745313, 0.4628619181918588, 0.39156724695853373, 0.3775375018464053, 0.39229652062456877, 0.38611959677966523, 0.3761881119745938, 0.39055690854628455, 0.3860848217724479, 0.376746971020724, 0.3960228253175868], "val_auc": [0.8244945523177671, 0.8690840458691984, 0.8838328233578312, 0.8880293974663274, 0.8930838742886555, 0.8989319111212788, 0.9016557522376962, 0.904236609568475, 0.903450198747462, 0.9013697846664187, 0.9041293717292459, 0.9074394463667821, 0.9058880722926022, 0.906109697160342, 0.9059166690497297, 0.9114286939861019, 0.9107244988418314, 0.9157325059338272, 0.9095127112585433, 0.9134090194171981, 0.9183062140753239, 0.9192356086819755, 0.9177414281220511, 0.9234965254940088, 0.9229102919728903, 0.9208012811347193, 0.9243901741542508, 0.9251622865966999, 0.9263204552603734, 0.9269567331064658, 0.9205796562669792, 0.9249978552432154, 0.9230318281906832, 0.9242972346935858, 0.9227458606194059, 0.9268423460779547, 0.9271998055420514, 0.9268995395922103, 0.9243258314507136, 0.9256198347107438, 0.9247690811861935, 0.925841459578484, 0.9260988303926336, 0.9259129514713033, 0.9255769395750522, 0.9259772941748405, 0.9260058909319683, 0.9260702336355057, 0.9260773828247877], "lr": [0.00019980365947861302, 0.00019921541278079054, 0.00019823758144750452, 0.00019687402453229876, 0.00019513012337136777, 0.00019301276034588098, 0.00019053029172036892, 0.0001876925146643644, 0.0001845106285874505, 0.00018099719094030725, 0.000177166067656191, 0.00017303237842843043, 0.00016861243703990451, 0.0001639236869799946, 0.00015898463260310107, 0.00015381476610041014, 0.00014843449057312064, 0.0001428650395107247, 0.00013712839299212545, 0.00013124719094030724, 0.000125244643772903, 0.00011914444080127959, 0.00011297065673964827, 0.00010674765669316667, 0.00010049999999999998, 9.42523433068333e-05, 8.802934326035171e-05, 8.185555919872038e-05, 7.575535622709693e-05, 6.975280905969276e-05, 6.387160700787456e-05, 5.8134960489275255e-05, 5.25655094268793e-05, 4.71852338995898e-05, 4.201536739689892e-05, 3.707631302000536e-05, 3.238756296009546e-05, 2.7967621571569563e-05, 2.3833932343808972e-05, 2.000280905969273e-05, 1.6489371412549517e-05, 1.330748533563557e-05, 1.0469708279631073e-05, 7.987239654118988e-06, 5.869876628632222e-06, 4.125975467701218e-06, 2.7624185524954715e-06, 1.784587219209462e-06, 1.1963405213869797e-06]}